test, time
ext4_bandwidth_logs,135.80556818181816
ext4_bandwidth_logs,135.59421052631572
ext4_bandwidth_logs,135.71561403508767
ext4_bandwidth_logs,135.8869897959184
ext4_bandwidth_logs,135.6299421965318
sealfs_bandwidth_logs,136.73219653179189
sealfs_bandwidth_logs,137.0983522727272
sealfs_bandwidth_logs,136.92291428571437
sealfs_bandwidth_logs,136.78838150289025
sealfs_bandwidth_logs,136.93622857142873
