test, time
ext4_bandwidth_logs,7.81583333333333
ext4_bandwidth_logs,7.930277777777773
ext4_bandwidth_logs,7.815945945945944
ext4_bandwidth_logs,7.811095890410955
ext4_bandwidth_logs,7.829130434782607
sealfs_bandwidth_logs,8.269594594594588
sealfs_bandwidth_logs,8.17944444444444
sealfs_bandwidth_logs,8.101884057971013
sealfs_bandwidth_logs,8.379583333333331
sealfs_bandwidth_logs,8.39472222222222
