test, time
1_ext4_audio,135.80556818181816
1_ext4_audio,135.59421052631572
1_ext4_audio,135.71561403508767
1_ext4_audio,135.8869897959184
1_ext4_audio,135.6299421965318
2_sealfs_audio,136.73219653179189
2_sealfs_audio,137.0983522727272
2_sealfs_audio,136.92291428571437
2_sealfs_audio,136.78838150289025
2_sealfs_audio,136.93622857142873
3_ext4_images,10735.462988505751
3_ext4_images,10157.258769230773
3_ext4_images,10833.740350877202
3_ext4_images,10943.681502890182
3_ext4_images,10925.685290697676
4_sealfs_images,10460.21156069365
4_sealfs_images,10541.841860465112
4_sealfs_images,10401.803976608195
4_sealfs_images,10174.72748538012
4_sealfs_images,10457.864827586209
5_ext4_nav,7.81583333333333
5_ext4_nav,7.930277777777773
5_ext4_nav,7.815945945945944
5_ext4_nav,7.811095890410955
5_ext4_nav,7.829130434782607
6_sealfs_nav,8.269594594594588
6_sealfs_nav,8.17944444444444
6_sealfs_nav,8.101884057971013
6_sealfs_nav,8.379583333333331
6_sealfs_nav,8.39472222222222

