test, time
ext4_bandwidth_logs,10735.462988505751
ext4_bandwidth_logs,10157.258769230773
ext4_bandwidth_logs,10833.740350877202
ext4_bandwidth_logs,10943.681502890182
ext4_bandwidth_logs,10925.685290697676
sealfs_bandwidth_logs,10460.21156069365
sealfs_bandwidth_logs,10541.841860465112
sealfs_bandwidth_logs,10401.803976608195
sealfs_bandwidth_logs,10174.72748538012
sealfs_bandwidth_logs,10457.864827586209
